title;link;date
Getting Acquainted With A Production Code Base;/blog/getting-up-to-speed-on-a-production-code-base;18/06/2019
Staff Spotlight - Zach DeRossette, Career Coach;/blog/staff-spotlight-zach-derossette;22/05/2019
Student Interview: Lena Ryoo on Company Projects;/blog/student-interview-lena-ryoo;15/05/2019
Debugging Like a Scientist;/blog/debugging-like-a-scientist;29/04/2019
The Benefits of Code Reviews;/blog/benefits-of-code-reviews;29/03/2019
Three More JavaScript Mistakes That Beginners Make;/blog/three-more-js-mistakes-that-beginners-make;07/03/2019
Alumni Spotlight: Miranda Howitt;/blog/alumni-spotlight-miranda;12/02/2019
Alumni Spotlight: Kristen Lingwood;/blog/alumni-spotlight-kristen;06/02/2019
Alumni Spotlight: Tyler Ketron;/blog/alumni-spotlight-tyler;30/01/2019
Avoiding Burnout;/blog/avoiding-burnout;09/01/2019
Student Interview: Sarah + Zac on Company Projects;/blog/student-interview-sarah-zac;18/12/2018
A New Tuition Option: We Make Money Only When You Do;/blog/new-tuition-option;11/12/2018
MongoDB is Easy;/blog/mongodb-is-easy;06/12/2018
Meet The Instructor: Alissa Renz;/blog/meet-the-instructor-alissa-renz;14/11/2018
Error Handling in Express;/blog/error-handling-express;05/11/2018
Four Tips for Moving Faster as a Developer;/blog/developer-productivity;16/10/2018
Five Tips to Manage the Emotional Side of a Coding Program;/blog/five-tips-emotional-management;08/10/2018
Does Emotional Intelligence Get You Paid More in Tech?;/blog/emotional-intelligence;03/10/2018
Post-Outcomes Blog: Top 3 Insights for Job-Seekers;/blog/insights-job-seekers;27/09/2018
Staff Spotlight - Megan Lane, Operations & Events Associate;/blog/staff-spotlight-megan-lane;11/09/2018
Different Approaches to Using Relational Databases with Express;/blog/different-approaches-express;28/08/2018
The Job Funnel;/blog/the-job-funnel;20/08/2018
Alumni Spotlight: Daniel Szabo;/blog/alumni-spotlight-daniel;08/08/2018
Rithm School Interview FAQs;/blog/rithm-interview-faqs;01/08/2018
BPPE Approval and Outcomes Numbers;/blog/bppe-approval-and-outcomes-numbers;25/07/2018
What’s New in Python 3.7: Data Classes;/blog/whats-new-in-python-3-7;11/07/2018
Five Tips for Getting Yourself Unstuck;/blog/five-tips-for-getting-yourself-unstuck;22/06/2018
A Roadmap for Learning How To Code - Part 3;/blog/roadmap-for-learning-how-to-code-03;13/06/2018
Student Interview: Paula + Miranda on Company Projects;/blog/student-interview-paula-miranda;05/06/2018
Five Essential Rules when Job Searching;/blog/five-essential-rules-when-job-searching;31/05/2018
Outcomes: A Preview;/blog/outcomes-a-preview;22/05/2018
The Benefit of Low-Abstraction Frameworks for Scaffolding Learning;/blog/low-abstraction-frameworks;16/05/2018
Are Coding Schools Worth the Cost?;/blog/are-coding-schools-worth-the-cost;25/04/2018
A Roadmap for Learning How To Code - Part 2;/blog/roadmap-for-learning-how-to-code-02;10/04/2018
Meet The Instructor: Joel Burton;/blog/meet-the-instructor-joel-burton;27/03/2018
Alumni Spotlight: Anna-Brit Schlaepfer;/blog/alumni-spotlight-anna-brit;19/03/2018
The Art of Outreach;/blog/the-art-of-outreach;28/02/2018
Intro to VS Code;/blog/vscode;20/02/2018
Debugging Like a Developer;/blog/debugging-like-a-developer;06/02/2018
Student Interview: Allie + Stephen on Company Projects;/blog/student-interview-allie-stephen;31/01/2018
A Roadmap for Learning How To Code - Part 1;/blog/roadmap-for-learning-how-to-code-01;24/01/2018
Computer Science Degree vs. Coding Bootcamp Tradeoffs;/blog/computer-science-vs-coding-bootcamp;10/01/2018
New Year's Resolutions: Developer Edition;/blog/new-years-resolutions;02/01/2018
Student Spotlight: Sean Mangosing;/blog/student-spotlight-sean-mangosing;20/12/2017
New Year, New Outcomes;/blog/new-year-new-outcomes;11/12/2017
Five Tips for Landing a Job as a Bootcamp Grad;/blog/five-tips-for-landing-a-job;05/12/2017
Our Newest Scholarship, Diversity, and How Rithm Supports Your Coding Education;/blog/our-newest-scholarship;28/11/2017
Why Pay For School?;/blog/why-pay-for-school;21/11/2017
This Holiday Season, Give Back to Tech for Good;/blog/this-holiday-season-give-back-to-tech-for-good;07/11/2017
Meet The Instructor: Michael Hueter;/blog/meet-the-instructor-michael-hueter;24/10/2017
Student Spotlight: Adele Landers;/blog/student-spotlight-adele-landers;17/10/2017
Do Web Developers Need to be Good at Math?;/blog/do-web-developers-need-to-be-good-at-math;10/10/2017
Top 4 JavaScript Mistakes That Beginners Make;/blog/top-four-js-mistakes-that-beginners-make;27/09/2017
Interview With An Alumni: Katie Krieger;/blog/interview-with-an-alumni-katie-krieger;19/09/2017
What Makes a Successful Student?;/blog/what-makes-a-successful-student;05/09/2017
5 Topics To Master Before Learning React;/blog/5-topics-to-master-before-learning-react;29/08/2017
Soft Skills That Actually Matter In Tech;/blog/soft-skills-that-actually-matter-in-tech;22/08/2017
What I Wish Someone Had Told Me Before I Learned To Code;/blog/what-i-wish-someone-had-told-me-before-i-learned-to-code;15/08/2017
Rithm School Scholarship Winner Interview: Michelle Huynh;/blog/diversity-scholarship-winner-interview-michelle-huynh;08/08/2017
A Bootcamp Bubble?;/blog/a-bootcamp-bubble;01/08/2017
Student Interview: Julia Hazer on Company Projects;/blog/student-interview-julia-hazer;18/07/2017
Five Tips to Get Into Rithm;/blog/five-tips-to-get-into-rithm;11/07/2017
Problem Solving Strategies: Look Back and Refactor;/blog/problem-solving-strategies-06;27/06/2017
Student Interview: Shriya Nevatia;/blog/student-interview-shriya-nevatia;19/06/2017
Scholarships, Diversity and How Rithm Supports Your Coding Education;/blog/scholarships-diversity-education;23/05/2017
Demystifying Deep Learning;/blog/demystifying-deep-learning;11/05/2017
Staff Spotlight: Angelina Davis, Admissions Manager;/blog/staff-spotlight-angelina-davis;02/05/2017
Student Interview: Torre Taylor on Company Projects;/blog/student-interview-torre-taylor;18/04/2017
Becoming a Self-Reliant Developer;/blog/becoming-a-self-reliant-developer;06/04/2017
You Should Be Going To Tech Conferences;/blog/you-should-be-going-to-tech-conferences;30/03/2017
Student Interview: Andrew Mundy;/blog/student-interview-andrew-mundy;23/03/2017
She’s Been Persisting: 6 Women in Tech Organizations You Should Know About;/blog/shes-been-persisting;16/03/2017
Bootcamp Curious? Perspective from a Recovering Academic;/blog/bootcamp-curious-perspective-from-a-recovering-academic;09/03/2017
Problem Solving Strategies: Use Tools Strategically;/blog/problem-solving-strategies-05;02/02/2017
Problem Solving Strategies: Solve a Simpler Problem;/blog/problem-solving-strategies-04;19/01/2017
Your Roadmap to Learning JavaScript;/blog/your-roadmap-to-learning-javascript;05/01/2017
What A Small Class Size Meant to Me;/blog/what-a-small-class-size-meant-to-me;19/12/2016
Student Interview: Greg;/blog/student-interview-greg;19/12/2016
How to Prepare for the Rithm Technical Interview;/blog/how-to-prepare-for-the-rithm-technical-interview;08/12/2016
Problem Solving Strategies: Break It Down;/blog/problem-solving-strategies-03;05/12/2016
Problem Solving Strategies: Explore Concrete Examples;/blog/problem-solving-strategies-02;28/11/2016
Problem Solving Strategies: Understand the Problem;/blog/problem-solving-strategies-01;21/11/2016
Why Do You Want To Code?;/blog/why-do-you-want-to-code;15/11/2016
Essential Tools for Web Development;/blog/essential-tools-for-web-development;21/10/2016
Five Reasons to Learn JavaScript;/blog/five-reasons-to-learn-javascript;29/09/2016
Free Course Prep;/blog/free-course-prep;20/09/2016
Building Better Job Support;/blog/building-better-job-support;14/09/2016
Why Another Bootcamp?;/blog/why-another-bootcamp;06/09/2016
